{"cameraMode":{"drawMode":0,"name":"Shaded","section":"Shading Mode"},"sceneLighting":false,"audioPlay":false,"sceneViewState":{"showFog":true,"showMaterialUpdate":false,"showSkybox":false,"showFlares":true,"showImageEffects":true,"showParticleSystems":true},"in2DMode":false,"pivot":{"x":28.09173011779785,"y":-24.849319458007814,"z":43.93244171142578},"rotation":{"x":0.24432124197483064,"y":0.2650104761123657,"z":-0.06950202584266663,"w":0.9302687048912048},"size":31.073135375976564,"orthographic":false}