{"cameraMode":{"drawMode":0,"name":"Shaded","section":"Shading Mode"},"sceneLighting":false,"audioPlay":false,"sceneViewState":{"showFog":true,"showMaterialUpdate":false,"showSkybox":false,"showFlares":true,"showImageEffects":true,"showParticleSystems":true},"in2DMode":false,"pivot":{"x":0.0,"y":0.19999998807907105,"z":0.09999999403953552},"rotation":{"x":0.1741843968629837,"y":0.1558762937784195,"z":-0.027833718806505204,"w":0.9719750881195068},"size":0.7549834251403809,"orthographic":false}