{"cameraMode":{"drawMode":0,"name":"Shaded","section":"Shading Mode"},"sceneLighting":false,"audioPlay":false,"sceneViewState":{"showFog":true,"showMaterialUpdate":false,"showSkybox":false,"showFlares":true,"showImageEffects":true,"showParticleSystems":true},"in2DMode":false,"pivot":{"x":-2.8464627265930177,"y":0.7020876407623291,"z":1.4874752759933472},"rotation":{"x":-0.44185659289360049,"y":-0.022341003641486169,"z":0.011000493541359902,"w":-0.8967645764350891},"size":4.697542667388916,"orthographic":false}